【整租】唐延路 群贤道九号 1室1厅,群贤道九号,1900,http://xa.58.com/pinpaigongyu/29338171198013x.shtml
【整租】高新路 云顶园 1室0厅,云顶园,2200,http://xa.58.com/pinpaigongyu/29403579716536x.shtml
【整租】二环南路 群贤道九号 1室1厅,群贤道九号,2000,http://xa.58.com/pinpaigongyu/29193632685127x.shtml
【整租】唐延路 林凯花园 2室2厅,林凯花园,3800,http://xa.58.com/pinpaigongyu/29493579737653x.shtml
【整租】唐延路 嘉天Smart 2室1厅,嘉天Smart,3600,http://xa.58.com/pinpaigongyu/29492395024589x.shtml
【整租】高新路 高新水晶城 2室2厅,高新水晶城,4000,http://xa.58.com/pinpaigongyu/29458894292795x.shtml
【整租】唐延路 水晶岛 1室0厅,水晶岛,2500,http://xa.58.com/pinpaigongyu/29437365022511x.shtml
【合租】龙首村 宫园中央 3室主卧,宫园中央,599,http://xa.58.com/pinpaigongyu/29284321044777x.shtml
【整租】高新四路 城市皇冠 2室2厅,城市皇冠,3500,http://xa.58.com/pinpaigongyu/29493556882865x.shtml
【合租】张家堡 首创国际城 5室次卧,首创国际城,700,http://xa.58.com/pinpaigongyu/29376524418754x.shtml
【合租】明德门 明德广厦 3室次卧,明德广厦,700,http://xa.58.com/pinpaigongyu/29430087979697x.shtml
【整租】青稞公寓 电子正街 青稞·极速公寓,电子正街,1288-1396,http://xa.58.com/pinpaigongyu/29306279436077x.shtml
【合租】龙首村 名京九合院 3室次卧,名京九合院,800,http://xa.58.com/pinpaigongyu/29407959254856x.shtml
【整租】电子正街 梦想城 1室0厅,梦想城,1396,http://xa.58.com/pinpaigongyu/29382647434048x.shtml
【合租】雁翔路 金水湾 4室次卧,金水湾,780,http://xa.58.com/pinpaigongyu/29492895314503x.shtml
【整租】青稞公寓 边家村 泰华-青稞公寓,边家村,1600-1800,http://xa.58.com/pinpaigongyu/29459806610124x.shtml
【整租】电子正街 梦想城 1室0厅,梦想城,1396,http://xa.58.com/pinpaigongyu/29416877091374x.shtml
【整租】唐延路 唐延鑫苑 2室1厅,唐延鑫苑,3200,http://xa.58.com/pinpaigongyu/29392117359307x.shtml
【合租】经济技术开发区 海荣阳光城 4室次卧,海荣阳光城,780,http://xa.58.com/pinpaigongyu/29494184297782x.shtml
【合租】电视塔 长丰园小区 5室次卧,长丰园小区,750,http://xa.58.com/pinpaigongyu/29491834621766x.shtml
【整租】高新四路 群贤道九号 1室1厅,群贤道九号,1900,http://xa.58.com/pinpaigongyu/29515104782281x.shtml
【整租】唐延路 嘉天Smart 1室0厅,嘉天Smart,2600,http://xa.58.com/pinpaigongyu/29493607681323x.shtml
【整租】二环南路 群贤道九号 1室1厅,群贤道九号,2000,http://xa.58.com/pinpaigongyu/29193632685127x.shtml
【合租】张家堡 雅荷南李鑫苑 5室次卧,雅荷南李鑫苑,800,http://xa.58.com/pinpaigongyu/29384876384818x.shtml
【合租】凤城四路 紫薇风尚 5室次卧,紫薇风尚,800,http://xa.58.com/pinpaigongyu/29385150454211x.shtml
【整租】高新路 高新水晶城 1室0厅,高新水晶城,2900,http://xa.58.com/pinpaigongyu/29292618176194x.shtml
【整租】唐延路 群贤道九号 1室1厅,群贤道九号,1900,http://xa.58.com/pinpaigongyu/29515117408813x.shtml
【整租】高新二路 新西蓝 2室2厅,新西蓝,3500,http://xa.58.com/pinpaigongyu/29418141909418x.shtml
【整租】唐延路 嘉天Smart 2室2厅,嘉天Smart,3600,http://xa.58.com/pinpaigongyu/29503394643530x.shtml
【合租】张家堡 汇通太古城 5室次卧,汇通太古城,550,http://xa.58.com/pinpaigongyu/29351058495679x.shtml
【合租】文景路 迎泽公寓 5室主卧,【合租】文景路,700,http://xa.58.com/pinpaigongyu/29448405003337x.shtml
【整租】青稞公寓 边家村 泰华-青稞公寓,边家村,1600-1800,http://xa.58.com/pinpaigongyu/29459806610124x.shtml
【整租】长安路 大话南门 2室2厅,大话南门,2800,http://xa.58.com/pinpaigongyu/29384453921869x.shtml
【合租】明德门 榕青无界 4室主卧,榕青无界,1300,http://xa.58.com/pinpaigongyu/29393302089672x.shtml
【整租】电子正街 梦想城 2室1厅,梦想城,2236,http://xa.58.com/pinpaigongyu/29381831280443x.shtml
【整租】青稞公寓 电子正街 青稞·极速公寓,电子正街,1288-1396,http://xa.58.com/pinpaigongyu/29306279436077x.shtml
【合租】土门 公园国际 4室主卧,公园国际,1200,http://xa.58.com/pinpaigongyu/29514532373950x.shtml
【整租】电子正街 梦想城 1室0厅,梦想城,1200,http://xa.58.com/pinpaigongyu/29381777101355x.shtml
【合租】电视塔 长丰园小区 4室次卧,长丰园小区,1100,http://xa.58.com/pinpaigongyu/29517248987949x.shtml
【合租】行政商务中心 亮丽家园 4室次卧,亮丽家园,700,http://xa.58.com/pinpaigongyu/29370625415871x.shtml
【整租】唐延路 唐沣国际 1室0厅,唐沣国际,2700,http://xa.58.com/pinpaigongyu/29314874595791x.shtml
【合租】龙首村 塞纳公馆 5室主卧,塞纳公馆,1200,http://xa.58.com/pinpaigongyu/29183885396559x.shtml
【合租】凤城四路 紫薇风尚 5室次卧,紫薇风尚,700,http://xa.58.com/pinpaigongyu/29105415452353x.shtml
【整租】唐延路 嘉天Smart 2室2厅,嘉天Smart,3600,http://xa.58.com/pinpaigongyu/29503394643530x.shtml
【整租】高新四路 高新大都荟 1室1厅,高新大都荟,2300,http://xa.58.com/pinpaigongyu/29183919135694x.shtml
【整租】高新二路 枫叶广场二期 2室2厅,枫叶广场二期,4500,http://xa.58.com/pinpaigongyu/29363285553091x.shtml
【合租】龙首村 塞纳公馆 4室次卧,塞纳公馆,700,http://xa.58.com/pinpaigongyu/29105615213134x.shtml
【整租】高新二路 新西蓝 2室2厅,新西蓝,3500,http://xa.58.com/pinpaigongyu/29493970859598x.shtml
【整租】高新路 高新水晶城 1室0厅,高新水晶城,2900,http://xa.58.com/pinpaigongyu/29414958261816x.shtml
【合租】张家堡 汇通太古城 5室次卧,汇通太古城,550,http://xa.58.com/pinpaigongyu/29376497200589x.shtml
【合租】曲江池 金水湾 4室次卧,金水湾,850,http://xa.58.com/pinpaigongyu/29242019200455x.shtml
【整租】青稞公寓 电子正街 青稞·极速公寓,电子正街,1288-1396,http://xa.58.com/pinpaigongyu/29306279436077x.shtml
【合租】土门 公园国际 4室主卧,公园国际,1200,http://xa.58.com/pinpaigongyu/29514532373950x.shtml
【整租】电子正街 梦想城 1室0厅,梦想城,1396,http://xa.58.com/pinpaigongyu/29271522649030x.shtml
【整租】电子正街 梦想城 1室0厅,梦想城,1200,http://xa.58.com/pinpaigongyu/29381777101355x.shtml
【整租】青稞公寓 边家村 泰华-青稞公寓,边家村,1600-1800,http://xa.58.com/pinpaigongyu/29459806610124x.shtml
【合租】电视塔 长丰园小区 4室次卧,长丰园小区,1100,http://xa.58.com/pinpaigongyu/29517248987949x.shtml
【合租】电子城 紫薇城市花园 4室主卧,紫薇城市花园,1000,http://xa.58.com/pinpaigongyu/29005426431285x.shtml
【合租】西安交通大学 学府首座 4室次卧,学府首座,750,http://xa.58.com/pinpaigongyu/29227362362929x.shtml
【整租】电子正街 梦想城 1室0厅,梦想城,1396,http://xa.58.com/pinpaigongyu/29517461512898x.shtml
【整租】高新四路 群贤道九号 1室1厅,群贤道九号,1900,http://xa.58.com/pinpaigongyu/29373933447466x.shtml
【合租】龙首村 塞纳公馆 4室次卧,塞纳公馆,700,http://xa.58.com/pinpaigongyu/29105615213134x.shtml
【合租】经济技术开发区 明珠花园 5室次卧,明珠花园,700,http://xa.58.com/pinpaigongyu/29385206790209x.shtml
【整租】高新路 群贤道九号 1室1厅,群贤道九号,1800,http://xa.58.com/pinpaigongyu/29415741780813x.shtml
【整租】唐延路 群贤道九号 1室1厅,群贤道九号,2000,http://xa.58.com/pinpaigongyu/29271817280169x.shtml
【整租】高新路 枫林绿洲 1室0厅,枫林绿洲,2200,http://xa.58.com/pinpaigongyu/29436882689982x.shtml
【合租】龙首村 塞纳公馆 4室次卧,塞纳公馆,700,http://xa.58.com/pinpaigongyu/29105616696777x.shtml
【整租】胡家庙 新兴 骏景园 1室1厅,新兴,1800,http://xa.58.com/pinpaigongyu/29105422369587x.shtml
【整租】唐延路 嘉天Smart 1室0厅,嘉天Smart,2600,http://xa.58.com/pinpaigongyu/29392448869422x.shtml
【整租】高新二路 新西蓝 2室2厅,新西蓝,3700,http://xa.58.com/pinpaigongyu/29418018166085x.shtml
【合租】明德门 鑫泰园小区 5室次卧,鑫泰园小区,700,http://xa.58.com/pinpaigongyu/29348762722231x.shtml
【整租】青稞公寓 边家村 泰华-青稞公寓,边家村,1600-1800,http://xa.58.com/pinpaigongyu/29459806610124x.shtml
【合租】科技路西口 美立方 3室主卧,美立方,1200,http://xa.58.com/pinpaigongyu/29492190503341x.shtml
【合租】行政商务中心 曲江亮丽家园 4室次卧,曲江亮丽家园,800,http://xa.58.com/pinpaigongyu/29308200180806x.shtml
【整租】电子正街 梦想城 1室0厅,梦想城,1396,http://xa.58.com/pinpaigongyu/29381714936113x.shtml
【整租】青稞公寓 电子正街 青稞·极速公寓,电子正街,1288-1396,http://xa.58.com/pinpaigongyu/29306279436077x.shtml
【整租】电子正街 梦想城 1室0厅,梦想城,1288,http://xa.58.com/pinpaigongyu/29385501936809x.shtml
【整租】电子正街 梦想城 1室0厅,梦想城,1396,http://xa.58.com/pinpaigongyu/29382462611270x.shtml
【合租】小雁塔 凯旋城 3室次卧,凯旋城,900,http://xa.58.com/pinpaigongyu/29274344309309x.shtml
【整租】大寨路 华府新桃园 2室2厅,华府新桃园,2600,http://xa.58.com/pinpaigongyu/29337328825901x.shtml
【整租】唐延路 林凯花园 2室2厅,林凯花园,4000,http://xa.58.com/pinpaigongyu/29414932009530x.shtml
【整租】高新路 高新水晶城 1室0厅,高新水晶城,2700,http://xa.58.com/pinpaigongyu/29448342339371x.shtml
【整租】二环南路 群贤道九号 1室0厅,群贤道九号,1900,http://xa.58.com/pinpaigongyu/29315108372302x.shtml
【整租】二环南路 群贤道九号 1室1厅,群贤道九号,1800,http://xa.58.com/pinpaigongyu/29470307388494x.shtml
【整租】高新四路 群贤道九号 1室1厅,群贤道九号,1800,http://xa.58.com/pinpaigongyu/29206071043886x.shtml
【合租】二环南路 群贤道九号 4室次卧,群贤道九号,1000,http://xa.58.com/pinpaigongyu/29174853475905x.shtml
【整租】唐延路 林凯花园 2室2厅,林凯花园,3800,http://xa.58.com/pinpaigongyu/29496380735562x.shtml
【合租】经济技术开发区 中登城市花园 5室次卧,中登城市花园,550,http://xa.58.com/pinpaigongyu/29105724037692x.shtml
【整租】二环南路 群贤道九号 1室1厅,群贤道九号,1800,http://xa.58.com/pinpaigongyu/29438376954189x.shtml
【整租】唐延路 嘉天SMART 1室0厅,嘉天SMART,2800,http://xa.58.com/pinpaigongyu/29363294092607x.shtml
【合租】电子城 太白锦苑 4室次卧,太白锦苑,1000,http://xa.58.com/pinpaigongyu/29383682408873x.shtml
【整租】青稞公寓 边家村 泰华-青稞公寓,边家村,1600-1800,http://xa.58.com/pinpaigongyu/29459806610124x.shtml
【合租】长延堡 杏园小区 4室次卧,杏园小区,850,http://xa.58.com/pinpaigongyu/29516434835384x.shtml
【合租】明德门 城南翡翠 4室次卧,城南翡翠,800,http://xa.58.com/pinpaigongyu/29373939776939x.shtml
【整租】电子正街 梦想城 1室0厅,梦想城,1396,http://xa.58.com/pinpaigongyu/29237992783545x.shtml
【整租】青稞公寓 电子正街 青稞·极速公寓,电子正街,1288-1396,http://xa.58.com/pinpaigongyu/29306279436077x.shtml
【整租】雅荷花园 凤城明珠 2室2厅,凤城明珠,2300,http://xa.58.com/pinpaigongyu/29348101223224x.shtml
【合租】明德门 雅兰花园 4室次卧,雅兰花园,1000,http://xa.58.com/pinpaigongyu/29384043637452x.shtml
【合租】电子城 万国花园 5室次卧,万国花园,600,http://xa.58.com/pinpaigongyu/29261390275889x.shtml
【合租】行政商务中心 曲江亮丽家园 4室主卧,曲江亮丽家园,1100,http://xa.58.com/pinpaigongyu/29328783757614x.shtml
【整租】雁塔周边 冠城国际 3室2厅,冠城国际,5000,http://xa.58.com/pinpaigongyu/29425384507198x.shtml
【整租】唐延路 莱安逸境 1室1厅,莱安逸境,2900,http://xa.58.com/pinpaigongyu/29414926128063x.shtml
【整租】二环南路 群贤道九号 1室1厅,群贤道九号,2000,http://xa.58.com/pinpaigongyu/29173627952061x.shtml
【合租】方新村 宫园中央 2室主卧,宫园中央,700,http://xa.58.com/pinpaigongyu/29031085976234x.shtml
【整租】高新路 高新水晶城 1室0厅,高新水晶城,2900,http://xa.58.com/pinpaigongyu/29418078883124x.shtml
【整租】唐延路 林凯花园 2室1厅,林凯花园,3900,http://xa.58.com/pinpaigongyu/29448319743688x.shtml
【合租】玉祥门 浩林方里 5室次卧,浩林方里,700,http://xa.58.com/pinpaigongyu/29107600746445x.shtml
【合租】方新村 宫园中央 3室主卧,宫园中央,599,http://xa.58.com/pinpaigongyu/29271746905160x.shtml
【整租】高新路 尚品花都 2室2厅,尚品花都,3800,http://xa.58.com/pinpaigongyu/29493590451405x.shtml
【整租】高新二路 枫叶广场二期 2室2厅,枫叶广场二期,4500,http://xa.58.com/pinpaigongyu/29303809415366x.shtml
【整租】电子正街 梦想城 1室0厅,梦想城,1288,http://xa.58.com/pinpaigongyu/29295819159223x.shtml
【整租】青稞公寓 边家村 泰华-青稞公寓,边家村,1600-1800,http://xa.58.com/pinpaigongyu/29459806610124x.shtml
【整租】电子正街 梦想城 1室0厅,梦想城,1288,http://xa.58.com/pinpaigongyu/29382084513332x.shtml
【合租】电子城 万国花园 4室次卧,万国花园,600,http://xa.58.com/pinpaigongyu/29337259743793x.shtml
【整租】电子正街 梦想城 1室0厅,梦想城,1396,http://xa.58.com/pinpaigongyu/29271522649030x.shtml
【整租】青稞公寓 电子正街 青稞·极速公寓,电子正街,1288-1396,http://xa.58.com/pinpaigongyu/29306279436077x.shtml
【合租】电视塔 长丰园 4室次卧,长丰园,600,http://xa.58.com/pinpaigongyu/29295206095278x.shtml
【整租】电子正街 梦想城 1室0厅,梦想城,1288,http://xa.58.com/pinpaigongyu/29394028462636x.shtml
【合租】电子城 万国花园 4室次卧,万国花园,650,http://xa.58.com/pinpaigongyu/29503355453484x.shtml
【合租】电视塔 澳城大厦 4室主卧,澳城大厦,850,http://xa.58.com/pinpaigongyu/29392606524079x.shtml
【整租】高新路 尚品花都 2室2厅,尚品花都,3800,http://xa.58.com/pinpaigongyu/29493590451405x.shtml
【整租】高新二路 枫叶广场二期 2室2厅,枫叶广场二期,4500,http://xa.58.com/pinpaigongyu/29303809415366x.shtml
【整租】二环南路 群贤道九号 1室1厅,群贤道九号,2000,http://xa.58.com/pinpaigongyu/29173845945012x.shtml
【整租】高新四路 城市皇冠 2室2厅,城市皇冠,3500,http://xa.58.com/pinpaigongyu/29418065394509x.shtml
【整租】高新四路 城市皇冠 2室2厅,城市皇冠,3500,http://xa.58.com/pinpaigongyu/29425372536625x.shtml
【合租】方新村 宫园中央 3室次卧,宫园中央,580,http://xa.58.com/pinpaigongyu/29127826785983x.shtml
【整租】玉祥门 恒天国际城(大庆 1室0厅,恒天国际城(大庆,2300,http://xa.58.com/pinpaigongyu/29349366870595x.shtml
【整租】高新路 群贤道九号 1室1厅,群贤道九号,1900,http://xa.58.com/pinpaigongyu/29515040738733x.shtml
【整租】唐延路 群贤道九号 1室1厅,群贤道九号,1900,http://xa.58.com/pinpaigongyu/29414716760012x.shtml
【整租】唐延路 林凯花园 2室2厅,林凯花园,4100,http://xa.58.com/pinpaigongyu/29363370230187x.shtml
【合租】曲江池 金水湾 4室次卧,金水湾,850,http://xa.58.com/pinpaigongyu/29242019200455x.shtml
【整租】青稞公寓 边家村 泰华-青稞公寓,边家村,1600-1800,http://xa.58.com/pinpaigongyu/29459806610124x.shtml
【合租】明德门 明德广厦 3室次卧,明德广厦,700,http://xa.58.com/pinpaigongyu/29251798158796x.shtml
【合租】西安交通大学 学府首座 4室次卧,学府首座,750,http://xa.58.com/pinpaigongyu/29227362362929x.shtml
【整租】电子正街 梦想城 1室0厅,梦想城,1200,http://xa.58.com/pinpaigongyu/29194521595075x.shtml
【整租】青稞公寓 电子正街 青稞·极速公寓,电子正街,1288-1396,http://xa.58.com/pinpaigongyu/29306279436077x.shtml
【整租】电子正街 梦想城 1室0厅,梦想城,1288,http://xa.58.com/pinpaigongyu/29239894244416x.shtml
【合租】行政商务中心 亮丽家园 4室次卧,亮丽家园,700,http://xa.58.com/pinpaigongyu/29414928558509x.shtml
【合租】曲江池 金水湾 4室次卧,金水湾,780,http://xa.58.com/pinpaigongyu/29493086865079x.shtml
【合租】电子城 万国花园 4室次卧,万国花园,700,http://xa.58.com/pinpaigongyu/29514364058549x.shtml
【整租】二环南路 群贤道九号 1室1厅,群贤道九号,2000,http://xa.58.com/pinpaigongyu/29173655309377x.shtml
【整租】高新路 高新水晶城 2室1厅,高新水晶城,2700,http://xa.58.com/pinpaigongyu/29493195397941x.shtml
【整租】龙首村 皇族名居 2室1厅,皇族名居,2000,http://xa.58.com/pinpaigongyu/29116278356551x.shtml
【整租】高新二路 新西蓝 2室2厅,新西蓝,3500,http://xa.58.com/pinpaigongyu/29392911816369x.shtml
【整租】唐延路 唐沣国际 1室0厅,唐沣国际,2700,http://xa.58.com/pinpaigongyu/29304491820752x.shtml
【整租】高新四路 城市皇冠 2室2厅,城市皇冠,3700,http://xa.58.com/pinpaigongyu/29414791293244x.shtml
【整租】唐延路 嘉天Smart 1室0厅,嘉天Smart,2600,http://xa.58.com/pinpaigongyu/29503470920637x.shtml
【整租】二环南路 群贤道九号 1室1厅,群贤道九号,2000,http://xa.58.com/pinpaigongyu/29193611626428x.shtml
【整租】高新路 枫林绿洲 1室0厅,枫林绿洲,2200,http://xa.58.com/pinpaigongyu/29458917667915x.shtml
【整租】科技五路 橡树星座 1室0厅,橡树星座,2500,http://xa.58.com/pinpaigongyu/29403569783998x.shtml
【合租】明德门 鑫泰园 5室次卧,鑫泰园,700,http://xa.58.com/pinpaigongyu/29348725395659x.shtml
【整租】青稞公寓 边家村 泰华-青稞公寓,边家村,1600-1800,http://xa.58.com/pinpaigongyu/29459806610124x.shtml
【整租】电子城 兰乔圣菲 1室1厅,兰乔圣菲,2100,http://xa.58.com/pinpaigongyu/29259569902785x.shtml
【整租】电子正街 梦想城 1室0厅,梦想城,1288,http://xa.58.com/pinpaigongyu/29294071352629x.shtml
【合租】电子城 万国花园 5室次卧,万国花园,600,http://xa.58.com/pinpaigongyu/29338646528975x.shtml
【整租】青稞公寓 电子正街 青稞·极速公寓,电子正街,1288-1396,http://xa.58.com/pinpaigongyu/29306279436077x.shtml
【整租】电子正街 梦想城 1室0厅,梦想城,1288,http://xa.58.com/pinpaigongyu/29293721301438x.shtml
【整租】经济技术开发区 赛高街区 2室2厅,赛高街区,2600,http://xa.58.com/pinpaigongyu/29338079554354x.shtml
【整租】电子正街 梦想城 1室0厅,梦想城,1100,http://xa.58.com/pinpaigongyu/29097864977839x.shtml
【合租】电子城 万国花园 4室次卧,万国花园,700,http://xa.58.com/pinpaigongyu/29282772308934x.shtml
【整租】科技五路 橡树星座 1室0厅,橡树星座,2500,http://xa.58.com/pinpaigongyu/29403569783998x.shtml
【合租】方新村 宫园中央 3室主卧,宫园中央,599,http://xa.58.com/pinpaigongyu/29284211636910x.shtml
【合租】丰禾路 太奥广场 5室次卧,太奥广场,550,http://xa.58.com/pinpaigongyu/29384646199376x.shtml
【合租】二环南路 群贤道九号 4室次卧,群贤道九号,1100,http://xa.58.com/pinpaigongyu/29328776532906x.shtml
【整租】科技四路西段 枫林意树 2室2厅,枫林意树,4200,http://xa.58.com/pinpaigongyu/29503383778873x.shtml
【整租】高新路 高新水晶城 2室2厅,高新水晶城,4200,http://xa.58.com/pinpaigongyu/29418035226677x.shtml
【合租】经济技术开发区 中登城市花园 5室次卧,中登城市花园,650,http://xa.58.com/pinpaigongyu/29329889386681x.shtml
【合租】凤城四路 世融嘉城 5室次卧,世融嘉城,600,http://xa.58.com/pinpaigongyu/29293054147150x.shtml
【合租】明光路 皇族名居 5室次卧,皇族名居,700,http://xa.58.com/pinpaigongyu/29107225081266x.shtml
【整租】唐延路 群贤道九号 1室1厅,群贤道九号,2000,http://xa.58.com/pinpaigongyu/29175203148863x.shtml
【合租】电子城 万国花园 4室次卧,万国花园,600,http://xa.58.com/pinpaigongyu/29406103780413x.shtml
【整租】青稞公寓 边家村 泰华-青稞公寓,边家村,1600-1800,http://xa.58.com/pinpaigongyu/29459806610124x.shtml
【整租】电子正街 梦想城 1室1厅,梦想城,1396,http://xa.58.com/pinpaigongyu/29297438219461x.shtml
【合租】科技路西口 枫韵蓝湾 3室主卧,枫韵蓝湾,1050,http://xa.58.com/pinpaigongyu/29149643888570x.shtml
【合租】明德门 城南翡翠 4室次卧,城南翡翠,550,http://xa.58.com/pinpaigongyu/29228493310927x.shtml
【整租】青稞公寓 电子正街 青稞·极速公寓,电子正街,1288-1396,http://xa.58.com/pinpaigongyu/29306279436077x.shtml
【整租】雅荷花园 凤城明珠 2室1厅,凤城明珠,2400,http://xa.58.com/pinpaigongyu/29293194689480x.shtml
【整租】长安路 大话南门 1室0厅,大话南门,2400,http://xa.58.com/pinpaigongyu/29493181769150x.shtml
【整租】电子正街 梦想城 2室1厅,梦想城,2236,http://xa.58.com/pinpaigongyu/29163737891267x.shtml
【整租】唐延路 融侨城 2室1厅,融侨城,3200,http://xa.58.com/pinpaigongyu/29448628412846x.shtml
【整租】科技五路 橡树星座 1室0厅,橡树星座,2500,http://xa.58.com/pinpaigongyu/29403569783998x.shtml
【整租】科技四路西段 枫林意树 2室2厅,枫林意树,4200,http://xa.58.com/pinpaigongyu/29503383778873x.shtml
【合租】丰禾路 太奥广场 5室次卧,太奥广场,550,http://xa.58.com/pinpaigongyu/29384646199376x.shtml
【整租】高新路 高新水晶城 2室2厅,高新水晶城,4200,http://xa.58.com/pinpaigongyu/29418035226677x.shtml
【整租】高新四路 群贤道九号 1室1厅,群贤道九号,1900,http://xa.58.com/pinpaigongyu/29327898938539x.shtml
【合租】经济技术开发区 西安首创·国际城 5室次卧,西安首创·国际城,600,http://xa.58.com/pinpaigongyu/29317104669646x.shtml
【整租】二环南路 群贤道九号 1室0厅,群贤道九号,2000,http://xa.58.com/pinpaigongyu/29171995577028x.shtml
【整租】二环南路 群贤道九号 1室1厅,群贤道九号,1800,http://xa.58.com/pinpaigongyu/29415635183683x.shtml
【整租】唐延路 唐沣国际 1室0厅,唐沣国际,2500,http://xa.58.com/pinpaigongyu/29503621280559x.shtml
【整租】玉祥门 恒天国际城 1室1厅,恒天国际城,2000,http://xa.58.com/pinpaigongyu/29107142873167x.shtml
【整租】电子正街 梦想城 1室0厅,梦想城,1200,http://xa.58.com/pinpaigongyu/29095056047401x.shtml
【整租】青稞公寓 电子正街 青稞·极速公寓,电子正街,1288-1396,http://xa.58.com/pinpaigongyu/29306279436077x.shtml
【合租】明德门 明德新天地 5室次卧,明德新天地,700,http://xa.58.com/pinpaigongyu/29040279588282x.shtml
【整租】电子正街 梦想城 1室0厅,梦想城,1396,http://xa.58.com/pinpaigongyu/29105262677437x.shtml
【整租】高新四路 高新四路高新九号 1室0厅,高新四路高新九号,2300,http://xa.58.com/pinpaigongyu/29086101125561x.shtml
【整租】青稞公寓 边家村 泰华-青稞公寓,边家村,1600-1800,http://xa.58.com/pinpaigongyu/29459806610124x.shtml
【合租】电视塔 长丰园小区 4室次卧,长丰园小区,650,http://xa.58.com/pinpaigongyu/29427783134010x.shtml
【整租】电子正街 梦想城 1室0厅,梦想城,1396,http://xa.58.com/pinpaigongyu/29108339105594x.shtml
【整租】唐延路 宏府麒麟山 1室0厅,宏府麒麟山,1800,http://xa.58.com/pinpaigongyu/29072405764552x.shtml
【合租】鱼化寨 旭景碧泽园 3室次卧,旭景碧泽园,800,http://xa.58.com/pinpaigongyu/29459163911996x.shtml
【整租】唐延路 嘉天Smart 1室0厅,嘉天Smart,2600,http://xa.58.com/pinpaigongyu/29492372259127x.shtml
【合租】经济技术开发区 中登城市花园 5室次卧,中登城市花园,650,http://xa.58.com/pinpaigongyu/29385532919097x.shtml
【整租】高新四路 群贤道九号 1室1厅,群贤道九号,1800,http://xa.58.com/pinpaigongyu/29382114719303x.shtml
【整租】雁塔周边 冠城国际 3室2厅,冠城国际,5000,http://xa.58.com/pinpaigongyu/29448290076603x.shtml
【整租】唐延路 唐沣国际 1室0厅,唐沣国际,2600,http://xa.58.com/pinpaigongyu/29363428739655x.shtml
【整租】丰禾路 太奥广场 1室0厅,太奥广场,1600,http://xa.58.com/pinpaigongyu/29349467329854x.shtml
【整租】西安交通大学 学府首座 1室1厅,学府首座,1700,http://xa.58.com/pinpaigongyu/29483580030019x.shtml
【整租】唐延路 高新水晶岛 1室0厅,高新水晶岛,2500,http://xa.58.com/pinpaigongyu/29503223812165x.shtml
【整租】二环南路 群贤道九号 1室0厅,群贤道九号,2000,http://xa.58.com/pinpaigongyu/29171995577028x.shtml
【合租】方新村 宫园中央 5室次卧,宫园中央,700,http://xa.58.com/pinpaigongyu/29377060055220x.shtml
【合租】电视塔 华城万象 4室次卧,华城万象,600,http://xa.58.com/pinpaigongyu/29029782364105x.shtml
【整租】青稞公寓 边家村 泰华-青稞公寓,边家村,1600-1800,http://xa.58.com/pinpaigongyu/29459806610124x.shtml
【整租】唐延路 莱安逸境 2室1厅,莱安逸境,2600,http://xa.58.com/pinpaigongyu/29448874849337x.shtml
【整租】长安路 长安一栋 1室1厅,长安一栋,2100,http://xa.58.com/pinpaigongyu/29248647318570x.shtml
【整租】电子正街 梦想城 1室0厅,梦想城,1396,http://xa.58.com/pinpaigongyu/29028533726252x.shtml
【整租】青稞公寓 电子正街 青稞·极速公寓,电子正街,1288-1396,http://xa.58.com/pinpaigongyu/29306279436077x.shtml
【整租】电子正街 梦想城 1室0厅,梦想城,1288,http://xa.58.com/pinpaigongyu/29239271538368x.shtml
【合租】明德门 鑫泰园小区 5室次卧,鑫泰园小区,500,http://xa.58.com/pinpaigongyu/29120035048649x.shtml
【合租】电子城 鑫园 4室次卧,鑫园,650,http://xa.58.com/pinpaigongyu/29514391536310x.shtml
【合租】曲江池 金水湾 4室主卧,金水湾,850,http://xa.58.com/pinpaigongyu/29270808954560x.shtml
【整租】玉祥门 恒天国际城 1室1厅,恒天国际城,2000,http://xa.58.com/pinpaigongyu/29107142873167x.shtml
【整租】高新路 尚品花都 3室2厅,尚品花都,5500,http://xa.58.com/pinpaigongyu/29414868155702x.shtml
【整租】高新四路 群贤道九号 1室1厅,群贤道九号,2000,http://xa.58.com/pinpaigongyu/29306076625342x.shtml
【整租】唐延路 莱安逸境 1室0厅,莱安逸境,2700,http://xa.58.com/pinpaigongyu/29418135599293x.shtml
【合租】大观园 宏林名座 5室主卧,宏林名座,1100,http://xa.58.com/pinpaigongyu/29183804587597x.shtml
【整租】科技五路 橡树星座 1室0厅,橡树星座,2500,http://xa.58.com/pinpaigongyu/29425962315817x.shtml
【整租】唐延路 高新水晶岛 1室0厅,高新水晶岛,2500,http://xa.58.com/pinpaigongyu/29458886465335x.shtml
【整租】科技五路 橡树星座 1室0厅,橡树星座,2700,http://xa.58.com/pinpaigongyu/29415011150014x.shtml
【合租】凤城四路 紫薇风尚 5室次卧,紫薇风尚,800,http://xa.58.com/pinpaigongyu/29376572960945x.shtml
【合租】经济技术开发区 海璟时代 5室次卧,海璟时代,700,http://xa.58.com/pinpaigongyu/29481220608589x.shtml
【整租】二环南路 群贤道九号 1室1厅,群贤道九号,2100,http://xa.58.com/pinpaigongyu/29370364352715x.shtml
【整租】青稞公寓 边家村 泰华-青稞公寓,边家村,1600-1800,http://xa.58.com/pinpaigongyu/29459806610124x.shtml
【合租】唐延路 枫林华府二期 3室主卧,枫林华府二期,1000,http://xa.58.com/pinpaigongyu/29095022704957x.shtml
【合租】曲江池 金水湾 4室次卧,金水湾,850,http://xa.58.com/pinpaigongyu/29060858059082x.shtml
【合租】雁南五路 曲江观邸 4室主卧,曲江观邸,990,http://xa.58.com/pinpaigongyu/29363449815081x.shtml
【整租】青稞公寓 电子正街 青稞·极速公寓,电子正街,1288-1396,http://xa.58.com/pinpaigongyu/29306279436077x.shtml
【合租】大雁塔 太白里 4室次卧,太白里,1000,http://xa.58.com/pinpaigongyu/29005441006540x.shtml
【整租】高新四路 高新九号 1室0厅,高新九号,2750,http://xa.58.com/pinpaigongyu/29072782430795x.shtml
【合租】西影路 凯森福景雅苑 3室主卧,凯森福景雅苑,1100,http://xa.58.com/pinpaigongyu/29140128357039x.shtml
【整租】电子正街 梦想城 1室0厅,梦想城,1188,http://xa.58.com/pinpaigongyu/29249392941124x.shtml
【整租】唐延路 高新水晶岛 1室0厅,高新水晶岛,2700,http://xa.58.com/pinpaigongyu/29304402058031x.shtml
【整租】高新二路 枫叶广场二期 2室2厅,枫叶广场二期,4200,http://xa.58.com/pinpaigongyu/29425378696004x.shtml
【合租】唐延路 群贤道九号 3室次卧,群贤道九号,1100,http://xa.58.com/pinpaigongyu/29339229462321x.shtml
【合租】方新村 广丰花园 3室主卧,广丰花园,600,http://xa.58.com/pinpaigongyu/29384139683408x.shtml
【整租】高新四路 新西蓝二期 2室2厅,新西蓝二期,3500,http://xa.58.com/pinpaigongyu/29447924036028x.shtml
【整租】二环南路 群贤道九号 1室1厅,群贤道九号,1900,http://xa.58.com/pinpaigongyu/29438429427498x.shtml
【整租】二环南路 群贤道九号 1室1厅,群贤道九号,2000,http://xa.58.com/pinpaigongyu/29174879127236x.shtml
【整租】玉祥门 恒天国际城(大庆 1室1厅,恒天国际城(大庆,2300,http://xa.58.com/pinpaigongyu/29244320876074x.shtml
【整租】二环南路 群贤道九号 1室1厅,群贤道九号,1900,http://xa.58.com/pinpaigongyu/29459429464122x.shtml
【合租】方新村 宫园中央 3室主卧,宫园中央,699,http://xa.58.com/pinpaigongyu/29284268697771x.shtml
【合租】明德门 长丰园 5室主卧,长丰园,700,http://xa.58.com/pinpaigongyu/29216814789303x.shtml
【整租】青稞公寓 边家村 泰华-青稞公寓,边家村,1600-1800,http://xa.58.com/pinpaigongyu/29459806610124x.shtml
【合租】电子城 万国花园 5室次卧,万国花园,750,http://xa.58.com/pinpaigongyu/29171936841294x.shtml
【合租】雅荷花园 凤城明珠 4室主卧,凤城明珠,1180,http://xa.58.com/pinpaigongyu/28964892229824x.shtml
【合租】电视塔 澳城大厦 4室次卧,澳城大厦,850,http://xa.58.com/pinpaigongyu/29273889039538x.shtml
【整租】青稞公寓 电子正街 青稞·极速公寓,电子正街,1288-1396,http://xa.58.com/pinpaigongyu/29306279436077x.shtml
【合租】边家村 泰华金汇时代 2室主卧,泰华金汇时代,1600,http://xa.58.com/pinpaigongyu/29085304307897x.shtml
【整租】电子正街 梦想城 1室0厅,梦想城,1396,http://xa.58.com/pinpaigongyu/29062390788019x.shtml
【合租】国展中心 汇景新都 3室次卧,汇景新都,800,http://xa.58.com/pinpaigongyu/29371322258734x.shtml
【整租】电子正街 梦想城 1室0厅,梦想城,1396,http://xa.58.com/pinpaigongyu/29051211331639x.shtml
【整租】玉祥门 恒天国际城(大庆 1室1厅,恒天国际城(大庆,2300,http://xa.58.com/pinpaigongyu/29244314494144x.shtml
【整租】高新四路 新西蓝二期 2室2厅,新西蓝二期,3500,http://xa.58.com/pinpaigongyu/29447924036028x.shtml
【合租】方新村 广丰花园 3室主卧,广丰花园,600,http://xa.58.com/pinpaigongyu/29384139683408x.shtml
【整租】二环南路 群贤道九号 1室1厅,群贤道九号,1900,http://xa.58.com/pinpaigongyu/29438429427498x.shtml
【整租】二环南路 群贤道九号 1室1厅,群贤道九号,1900,http://xa.58.com/pinpaigongyu/29459429464122x.shtml
【整租】高新四路 群贤道九号 1室1厅,群贤道九号,1800,http://xa.58.com/pinpaigongyu/29259853049031x.shtml
【整租】高新四路 群贤道九号 1室1厅,群贤道九号,1900,http://xa.58.com/pinpaigongyu/29259928841142x.shtml
【整租】旺座现代城 领先时代广场 1室0厅,领先时代广场,2200,http://xa.58.com/pinpaigongyu/29493978693834x.shtml
【整租】龙首村 皇族名居 2室1厅,皇族名居,2000,http://xa.58.com/pinpaigongyu/29105775200809x.shtml
【整租】唐延路 高新水晶岛 1室0厅,高新水晶岛,2500,http://xa.58.com/pinpaigongyu/29493641337933x.shtml
【合租】明德门 鑫泰园 5室次卧,鑫泰园,700,http://xa.58.com/pinpaigongyu/29348725395659x.shtml
【整租】青稞公寓 电子正街 青稞·极速公寓,电子正街,1288-1396,http://xa.58.com/pinpaigongyu/29306279436077x.shtml
【整租】经济技术开发区 赛高街区 2室2厅,赛高街区,2600,http://xa.58.com/pinpaigongyu/29338079554354x.shtml
【整租】经济技术开发区 赛高街区 1室0厅,赛高街区,2000,http://xa.58.com/pinpaigongyu/29382363895237x.shtml
【整租】电子正街 梦想城 1室0厅,梦想城,1396,http://xa.58.com/pinpaigongyu/28797815035343x.shtml
【整租】青稞公寓 边家村 泰华-青稞公寓,边家村,1600-1800,http://xa.58.com/pinpaigongyu/29459806610124x.shtml
【整租】电子正街 梦想城 1室0厅,梦想城,1396,http://xa.58.com/pinpaigongyu/29382462611270x.shtml
【合租】高新六路 4室主卧,4室主卧,1050,http://xa.58.com/pinpaigongyu/29005518040891x.shtml
【合租】电子城 万国花园 4室次卧,万国花园,600,http://xa.58.com/pinpaigongyu/29337252447548x.shtml
【整租】电子正街 梦想城 1室0厅,梦想城,1288,http://xa.58.com/pinpaigongyu/29097802312520x.shtml
【整租】唐延路 高新水晶岛 1室0厅,高新水晶岛,2500,http://xa.58.com/pinpaigongyu/29493641337933x.shtml
【整租】高新四路 新西蓝二期 2室2厅,新西蓝二期,3500,http://xa.58.com/pinpaigongyu/29403390688959x.shtml
【整租】二环南路 群贤道九号 1室1厅,群贤道九号,2000,http://xa.58.com/pinpaigongyu/29272316452165x.shtml
【合租】凤城五路 紫薇风尚 5室次卧,紫薇风尚,650,http://xa.58.com/pinpaigongyu/28632728206654x.shtml
【整租】高新路 高新水晶城 1室0厅,高新水晶城,2700,http://xa.58.com/pinpaigongyu/29403614719019x.shtml
【整租】高新四路 群贤道九号 1室1厅,群贤道九号,2000,http://xa.58.com/pinpaigongyu/29260203566250x.shtml
【合租】龙首村 宫园壹号2期 3室次卧,宫园壹号2期,650,http://xa.58.com/pinpaigongyu/29127821355057x.shtml
【整租】唐延路 莱安逸境 1室1厅,莱安逸境,2700,http://xa.58.com/pinpaigongyu/29392463740852x.shtml
【整租】科技五路 橡树星座 1室0厅,橡树星座,2500,http://xa.58.com/pinpaigongyu/29447869788496x.shtml
【合租】方新村 宫园中央 5室次卧,宫园中央,750,http://xa.58.com/pinpaigongyu/29381895813328x.shtml
【合租】明德门 凯旋广场 4室次卧,凯旋广场,600,http://xa.58.com/pinpaigongyu/29020022828493x.shtml
【整租】青稞公寓 电子正街 青稞·极速公寓,电子正街,1288-1396,http://xa.58.com/pinpaigongyu/29306279436077x.shtml
【整租】经济技术开发区 赛高街区 1室0厅,赛高街区,2000,http://xa.58.com/pinpaigongyu/29382363895237x.shtml
【整租】电子正街 梦想城 1室0厅,梦想城,1396,http://xa.58.com/pinpaigongyu/29038864169930x.shtml
【合租】高新六路 4室主卧,4室主卧,1050,http://xa.58.com/pinpaigongyu/29005518040891x.shtml
【整租】青稞公寓 边家村 泰华-青稞公寓,边家村,1600-1800,http://xa.58.com/pinpaigongyu/29459806610124x.shtml
【整租】电子正街 梦想城 1室0厅,梦想城,1396,http://xa.58.com/pinpaigongyu/29107831967822x.shtml
【合租】明德门 鑫泰园 6室次卧,鑫泰园,650,http://xa.58.com/pinpaigongyu/29450793783081x.shtml
【整租】电子正街 梦想城 1室0厅,梦想城,1188,http://xa.58.com/pinpaigongyu/29194028084164x.shtml
【合租】曲江池 金水湾 4室次卧,金水湾,780,http://xa.58.com/pinpaigongyu/29205781432007x.shtml
